{
  "idSave": 268,
  "isFirstSession": false,
  "language": "ru",
  "promptDone": false,
  "cannonPower": 120.0,
  "cannonSize": 1.19999993,
  "cannonMass": 525.0,
  "floorLevel": 0,
  "maxAttempts": 0,
  "explosiveDamage": 0.0,
  "projectileAmount": 3,
  "armageddonLevel": 1.0,
  "totalCoins": 137263,
  "totalDiamonds": 149,
  "shopMaterialsPurchased": [
    false,
    true,
    false,
    false,
    false,
    true,
    true,
    true,
    false,
    true,
    true,
    true,
    true,
    false,
    false,
    false
  ],
  "maxLevelCompleted": 39,
  "levelList": [
    100.0,
    100.0,
    100.0,
    100.0,
    100.0,
    100.0,
    100.0,
    100.0,
    100.0,
    100.0,
    100.0,
    100.0,
    100.0,
    100.0,
    100.0,
    100.0,
    100.0,
    93.75,
    100.0,
    71.875,
    100.0,
    100.0,
    98.3333359,
    100.0,
    96.6666641,
    86.6666641,
    100.0,
    100.0,
    100.0,
    98.3333359,
    100.0,
    100.0,
    100.0,
    100.0,
    100.0,
    96.49123,
    98.24561,
    90.64327,
    100.0,
    21.6374264,
    0.0,
    0.0,
    0.0,
    0.0,
    0.0,
    0.0,
    0.0,
    0.0,
    0.0,
    0.0
  ],
  "upgradeLevels": [
    58,
    10,
    10,
    10,
    5,
    0,
    3,
    1
  ],
  "upgradeCostsCoins": [
    6514,
    1175,
    1292,
    2356,
    0,
    0,
    0,
    0
  ],
  "upgradeCostsDiamonds": [
    0,
    0,
    0,
    0,
    55,
    50,
    55,
    110
  ],
  "indexOfGround": 8
}